stream;input_output;Name;mwname;protocol;port;sourceAddress;transmission;preserveHeaders;enableCorrection;networkInterface;encryption;passphrase;maxConnections;maxBandwidth;mwcore_address;mwedge;api_key
;output;Hong Kong_1.9_Mb;Hong Kong_1.9_Mb_output;SRT;6000;0;0;0;0;0;16;football2020;5;0;;;
;output;Hong Kong_1.9_Mb;Hong Kong_1.9_Mb_output;SRT;6001;0;0;0;0;0;16;football2020;5;0;;;
;output;Hong Kong_1.9_Mb;Hong Kong_1.9_Mb_output;SRT;6002;0;0;0;0;0;16;football2020;5;0;;;
;output;Hong Kong_1.9_Mb;Hong Kong_1.9_Mb_output;SRT;6003;0;0;0;0;0;16;football2020;5;0;;;
;output;Hong Kong_1.9_Mb;Hong Kong_1.9_Mb_output;SRT;6004;0;0;0;0;0;16;football2020;5;0;;;
;output;Hong Kong_2.6_Mb;Hong Kong_2.6_Mb_output;SRT;6005;0;0;0;0;0;16;football2020;5;0;;;
;output;Hong Kong_2.6_Mb;Hong Kong_2.6_Mb_output;SRT;6006;0;0;0;0;0;16;football2020;5;0;;;
;output;Hong Kong_2.6_Mb;Hong Kong_2.6_Mb_output;SRT;6007;0;0;0;0;0;16;football2020;5;0;;;
;output;Hong Kong_2.6_Mb;Hong Kong_2.6_Mb_output;SRT;6008;0;0;0;0;0;16;football2020;5;0;;;
;output;Hong Kong_2.6_Mb;Hong Kong_2.6_Mb_output;SRT;6009;0;0;0;0;0;16;football2020;5;0;;;
;output;CAP Dev_1.9_Mb;CAP Dev_1.9_Mb_output;SRT;6010;0;0;0;0;0;16;football2020;5;0;;;
;output;CAP Dev_1.9_Mb;CAP Dev_1.9_Mb_output;SRT;6011;0;0;0;0;0;16;football2020;5;0;;;
;output;CAP Dev_1.9_Mb;CAP Dev_1.9_Mb_output;SRT;6012;0;0;0;0;0;16;football2020;5;0;;;
;output;CAP Dev_1.9_Mb;CAP Dev_1.9_Mb_output;SRT;6013;0;0;0;0;0;16;football2020;5;0;;;
;output;CAP Dev_1.9_Mb;CAP Dev_1.9_Mb_output;SRT;6014;0;0;0;0;0;16;football2020;5;0;;;
;output;CAP Dev_2.6_Mb;CAP Dev_2.6_Mb_output;SRT;6015;0;0;0;0;0;16;football2020;5;0;;;
;output;CAP Dev_2.6_Mb;CAP Dev_2.6_Mb_output;SRT;6016;0;0;0;0;0;16;football2020;5;0;;;
;output;CAP Dev_2.6_Mb;CAP Dev_2.6_Mb_output;SRT;6017;0;0;0;0;0;16;football2020;5;0;;;
;output;CAP Dev_2.6_Mb;CAP Dev_2.6_Mb_output;SRT;6018;0;0;0;0;0;16;football2020;5;0;;;
;output;CAP Dev_2.6_Mb;CAP Dev_2.6_Mb_output;SRT;6019;0;0;0;0;0;16;football2020;5;0;;;
;output;SIS_ROTW_1.9_Mb;SIS_ROTW_1.9_Mb_output;SRT;6020;0;0;0;0;0;16;football2020;5;0;;;
;output;SIS_ROTW_1.9_Mb;SIS_ROTW_1.9_Mb_output;SRT;6021;0;0;0;0;0;16;football2020;5;0;;;
;output;SIS_ROTW_1.9_Mb;SIS_ROTW_1.9_Mb_output;SRT;6022;0;0;0;0;0;16;football2020;5;0;;;
;output;SIS_ROTW_1.9_Mb;SIS_ROTW_1.9_Mb_output;SRT;6023;0;0;0;0;0;16;football2020;5;0;;;
;output;SIS_ROTW_1.9_Mb;SIS_ROTW_1.9_Mb_output;SRT;6024;0;0;0;0;0;16;football2020;5;0;;;
;output;SIS_ROTW_2.6_Mb;SIS_ROTW_2.6_Mb_output;SRT;6025;0;0;0;0;0;16;football2020;5;0;;;
;output;SIS_ROTW_2.6_Mb;SIS_ROTW_2.6_Mb_output;SRT;6026;0;0;0;0;0;16;football2020;5;0;;;
;output;SIS_ROTW_2.6_Mb;SIS_ROTW_2.6_Mb_output;SRT;6027;0;0;0;0;0;16;football2020;5;0;;;
;output;SIS_ROTW_2.6_Mb;SIS_ROTW_2.6_Mb_output;SRT;6028;0;0;0;0;0;16;football2020;5;0;;;
;output;SIS_ROTW_2.6_Mb;SIS_ROTW_2.6_Mb_output;SRT;6029;0;0;0;0;0;16;football2020;5;0;;;
;output;LARC_1.9_Mb;LARC_1.9_Mb_output;SRT;6030;0;0;0;0;0;16;football2020;5;0;;;
;output;LARC_1.9_Mb;LARC_1.9_Mb_output;SRT;6031;0;0;0;0;0;16;football2020;5;0;;;
;output;LARC_1.9_Mb;LARC_1.9_Mb_output;SRT;6032;0;0;0;0;0;16;football2020;5;0;;;
;output;LARC_1.9_Mb;LARC_1.9_Mb_output;SRT;6033;0;0;0;0;0;16;football2020;5;0;;;
;output;LARC_1.9_Mb;LARC_1.9_Mb_output;SRT;6034;0;0;0;0;0;16;football2020;5;0;;;
;output;LARC_2.6_Mb;LARC_2.6_Mb_output;SRT;6035;0;0;0;0;0;16;football2020;5;0;;;
;output;LARC_2.6_Mb;LARC_2.6_Mb_output;SRT;6036;0;0;0;0;0;16;football2020;5;0;;;
;output;LARC_2.6_Mb;LARC_2.6_Mb_output;SRT;6037;0;0;0;0;0;16;football2020;5;0;;;
;output;LARC_2.6_Mb;LARC_2.6_Mb_output;SRT;6038;0;0;0;0;0;16;football2020;5;0;;;
;output;LARC_2.6_Mb;LARC_2.6_Mb_output;SRT;6039;0;0;0;0;0;16;football2020;5;0;;;
;output;LARC2_1.9_Mb;LARC2_1.9_Mb_output;SRT;6040;0;0;0;0;0;16;football2020;5;0;;;
;output;LARC2_1.9_Mb;LARC2_1.9_Mb_output;SRT;6041;0;0;0;0;0;16;football2020;5;0;;;
;output;LARC2_1.9_Mb;LARC2_1.9_Mb_output;SRT;6042;0;0;0;0;0;16;football2020;5;0;;;
;output;LARC2_1.9_Mb;LARC2_1.9_Mb_output;SRT;6043;0;0;0;0;0;16;football2020;5;0;;;
;output;LARC2_1.9_Mb;LARC2_1.9_Mb_output;SRT;6044;0;0;0;0;0;16;football2020;5;0;;;
;output;LARC2_2.6_Mb;LARC2_2.6_Mb_output;SRT;6045;0;0;0;0;0;16;football2020;5;0;;;
;output;LARC2_2.6_Mb;LARC2_2.6_Mb_output;SRT;6046;0;0;0;0;0;16;football2020;5;0;;;
;output;LARC2_2.6_Mb;LARC2_2.6_Mb_output;SRT;6047;0;0;0;0;0;16;football2020;5;0;;;
;output;LARC2_2.6_Mb;LARC2_2.6_Mb_output;SRT;6048;0;0;0;0;0;16;football2020;5;0;;;
;output;LARC2_2.6_Mb;LARC2_2.6_Mb_output;SRT;6049;0;0;0;0;0;16;football2020;5;0;;;
;output;SIS2_1.9_Mb;SIS2_1.9_Mb_output;SRT;6050;0;0;0;0;0;16;football2020;5;0;;;
;output;SIS2_1.9_Mb;SIS2_1.9_Mb_output;SRT;6051;0;0;0;0;0;16;football2020;5;0;;;
;output;SIS2_1.9_Mb;SIS2_1.9_Mb_output;SRT;6052;0;0;0;0;0;16;football2020;5;0;;;
;output;SIS2_1.9_Mb;SIS2_1.9_Mb_output;SRT;6053;0;0;0;0;0;16;football2020;5;0;;;
;output;SIS2_1.9_Mb;SIS2_1.9_Mb_output;SRT;6054;0;0;0;0;0;16;football2020;5;0;;;
;output;SIS2_2.6_Mb;SIS2_2.6_Mb_output;SRT;6055;0;0;0;0;0;16;football2020;5;0;;;
;output;SIS2_2.6_Mb;SIS2_2.6_Mb_output;SRT;6056;0;0;0;0;0;16;football2020;5;0;;;
;output;SIS2_2.6_Mb;SIS2_2.6_Mb_output;SRT;6057;0;0;0;0;0;16;football2020;5;0;;;
;output;SIS2_2.6_Mb;SIS2_2.6_Mb_output;SRT;6058;0;0;0;0;0;16;football2020;5;0;;;
;output;SIS2_2.6_Mb;SIS2_2.6_Mb_output;SRT;6059;0;0;0;0;0;16;football2020;5;0;;;
;output;Region2 Clean_1.9_Mb;Region2 Clean_1.9_Mb_output;SRT;6060;0;0;0;0;0;16;football2020;5;0;;;
;output;Region2 Clean_1.9_Mb;Region2 Clean_1.9_Mb_output;SRT;6061;0;0;0;0;0;16;football2020;5;0;;;
;output;Region2 Clean_1.9_Mb;Region2 Clean_1.9_Mb_output;SRT;6062;0;0;0;0;0;16;football2020;5;0;;;
;output;Region2 Clean_1.9_Mb;Region2 Clean_1.9_Mb_output;SRT;6063;0;0;0;0;0;16;football2020;5;0;;;
;output;Region2 Clean_1.9_Mb;Region2 Clean_1.9_Mb_output;SRT;6064;0;0;0;0;0;16;football2020;5;0;;;
;output;Region2 Clean_2.6_Mb;Region2 Clean_2.6_Mb_output;SRT;6065;0;0;0;0;0;16;football2020;5;0;;;
;output;Region2 Clean_2.6_Mb;Region2 Clean_2.6_Mb_output;SRT;6066;0;0;0;0;0;16;football2020;5;0;;;
;output;Region2 Clean_2.6_Mb;Region2 Clean_2.6_Mb_output;SRT;6067;0;0;0;0;0;16;football2020;5;0;;;
;output;Region2 Clean_2.6_Mb;Region2 Clean_2.6_Mb_output;SRT;6068;0;0;0;0;0;16;football2020;5;0;;;
;output;Region2 Clean_2.6_Mb;Region2 Clean_2.6_Mb_output;SRT;6069;0;0;0;0;0;16;football2020;5;0;;;
;output;SIS Euro_1.9_Mb;SIS Euro_1.9_Mb_output;SRT;6070;0;0;0;0;0;16;football2020;5;0;;;
;output;SIS Euro_1.9_Mb;SIS Euro_1.9_Mb_output;SRT;6071;0;0;0;0;0;16;football2020;5;0;;;
;output;SIS Euro_1.9_Mb;SIS Euro_1.9_Mb_output;SRT;6072;0;0;0;0;0;16;football2020;5;0;;;
;output;SIS Euro_1.9_Mb;SIS Euro_1.9_Mb_output;SRT;6073;0;0;0;0;0;16;football2020;5;0;;;
;output;SIS Euro_1.9_Mb;SIS Euro_1.9_Mb_output;SRT;6074;0;0;0;0;0;16;football2020;5;0;;;
;output;SIS Euro_2.6_Mb;SIS Euro_2.6_Mb_output;SRT;6075;0;0;0;0;0;16;football2020;5;0;;;
;output;SIS Euro_2.6_Mb;SIS Euro_2.6_Mb_output;SRT;6076;0;0;0;0;0;16;football2020;5;0;;;
;output;SIS Euro_2.6_Mb;SIS Euro_2.6_Mb_output;SRT;6077;0;0;0;0;0;16;football2020;5;0;;;
;output;SIS Euro_2.6_Mb;SIS Euro_2.6_Mb_output;SRT;6078;0;0;0;0;0;16;football2020;5;0;;;
;output;SIS Euro_2.6_Mb;SIS Euro_2.6_Mb_output;SRT;6079;0;0;0;0;0;16;football2020;5;0;;;
;output;Equida_1.9_Mb;Equida_1.9_Mb_output;SRT;6080;0;0;0;0;0;16;football2020;5;0;;;
;output;Equida_1.9_Mb;Equida_1.9_Mb_output;SRT;6081;0;0;0;0;0;16;football2020;5;0;;;
;output;Equida_1.9_Mb;Equida_1.9_Mb_output;SRT;6082;0;0;0;0;0;16;football2020;5;0;;;
;output;Equida_1.9_Mb;Equida_1.9_Mb_output;SRT;6083;0;0;0;0;0;16;football2020;5;0;;;
;output;Equida_1.9_Mb;Equida_1.9_Mb_output;SRT;6084;0;0;0;0;0;16;football2020;5;0;;;
;output;Equida_2.6_Mb;Equida_2.6_Mb_output;SRT;6085;0;0;0;0;0;16;football2020;5;0;;;
;output;Equida_2.6_Mb;Equida_2.6_Mb_output;SRT;6086;0;0;0;0;0;16;football2020;5;0;;;
;output;Equida_2.6_Mb;Equida_2.6_Mb_output;SRT;6087;0;0;0;0;0;16;football2020;5;0;;;
;output;Equida_2.6_Mb;Equida_2.6_Mb_output;SRT;6088;0;0;0;0;0;16;football2020;5;0;;;
;output;Equida_2.6_Mb;Equida_2.6_Mb_output;SRT;6089;0;0;0;0;0;16;football2020;5;0;;;
;output;SIS1_1.9_Mb;SIS1_1.9_Mb_output;SRT;6090;0;0;0;0;0;16;football2020;5;0;;;
;output;SIS1_1.9_Mb;SIS1_1.9_Mb_output;SRT;6091;0;0;0;0;0;16;football2020;5;0;;;
;output;SIS1_1.9_Mb;SIS1_1.9_Mb_output;SRT;6092;0;0;0;0;0;16;football2020;5;0;;;
;output;SIS1_1.9_Mb;SIS1_1.9_Mb_output;SRT;6093;0;0;0;0;0;16;football2020;5;0;;;
;output;SIS1_1.9_Mb;SIS1_1.9_Mb_output;SRT;6094;0;0;0;0;0;16;football2020;5;0;;;
;output;SIS1_2.6_Mb;SIS1_2.6_Mb_output;SRT;6095;0;0;0;0;0;16;football2020;5;0;;;
;output;SIS1_2.6_Mb;SIS1_2.6_Mb_output;SRT;6096;0;0;0;0;0;16;football2020;5;0;;;
;output;SIS1_2.6_Mb;SIS1_2.6_Mb_output;SRT;6097;0;0;0;0;0;16;football2020;5;0;;;
;output;SIS1_2.6_Mb;SIS1_2.6_Mb_output;SRT;6098;0;0;0;0;0;16;football2020;5;0;;;
;output;SIS1_2.6_Mb;SIS1_2.6_Mb_output;SRT;6099;0;0;0;0;0;16;football2020;5;0;;;
;output;RTVi_2.1_Mb;RTVi_2.1_Mb_output;SRT;6100;0;0;0;0;0;16;football2020;5;0;;;
;output;RTVi_2.1_Mb;RTVi_2.1_Mb_output;SRT;6101;0;0;0;0;0;16;football2020;5;0;;;
;output;RTVi_2.1_Mb;RTVi_2.1_Mb_output;SRT;6102;0;0;0;0;0;16;football2020;5;0;;;
;output;RTVi_2.1_Mb;RTVi_2.1_Mb_output;SRT;6103;0;0;0;0;0;16;football2020;5;0;;;
;output;RTVi_2.1_Mb;RTVi_2.1_Mb_output;SRT;6104;0;0;0;0;0;16;football2020;5;0;;;
;output;RTVi_4.1_Mb;RTVi_4.1_Mb_output;SRT;6105;0;0;0;0;0;16;football2020;5;0;;;
;output;RTVi_4.1_Mb;RTVi_4.1_Mb_output;SRT;6106;0;0;0;0;0;16;football2020;5;0;;;
;output;RTVi_4.1_Mb;RTVi_4.1_Mb_output;SRT;6107;0;0;0;0;0;16;football2020;5;0;;;
;output;RTVi_4.1_Mb;RTVi_4.1_Mb_output;SRT;6108;0;0;0;0;0;16;football2020;5;0;;;
;output;RTVi_4.1_Mb;RTVi_4.1_Mb_output;SRT;6109;0;0;0;0;0;16;football2020;5;0;;;
;output;LTV1_1.9_Mb;LTV1_1.9_Mb_output;SRT;6110;0;0;0;0;0;16;football2020;5;0;;;
;output;LTV1_1.9_Mb;LTV1_1.9_Mb_output;SRT;6111;0;0;0;0;0;16;football2020;5;0;;;
;output;LTV1_1.9_Mb;LTV1_1.9_Mb_output;SRT;6112;0;0;0;0;0;16;football2020;5;0;;;
;output;LTV1_1.9_Mb;LTV1_1.9_Mb_output;SRT;6113;0;0;0;0;0;16;football2020;5;0;;;
;output;LTV1_1.9_Mb;LTV1_1.9_Mb_output;SRT;6114;0;0;0;0;0;16;football2020;5;0;;;
;output;LTV1_2.6_Mb;LTV1_2.6_Mb_output;SRT;6115;0;0;0;0;0;16;football2020;5;0;;;
;output;LTV1_2.6_Mb;LTV1_2.6_Mb_output;SRT;6116;0;0;0;0;0;16;football2020;5;0;;;
;output;LTV1_2.6_Mb;LTV1_2.6_Mb_output;SRT;6117;0;0;0;0;0;16;football2020;5;0;;;
;output;LTV1_2.6_Mb;LTV1_2.6_Mb_output;SRT;6118;0;0;0;0;0;16;football2020;5;0;;;
;output;LTV1_2.6_Mb;LTV1_2.6_Mb_output;SRT;6119;0;0;0;0;0;16;football2020;5;0;;;
;output;LTV2_1.9_Mb;LTV2_1.9_Mb_output;SRT;6120;0;0;0;0;0;16;football2020;5;0;;;
;output;LTV2_1.9_Mb;LTV2_1.9_Mb_output;SRT;6121;0;0;0;0;0;16;football2020;5;0;;;
;output;LTV2_1.9_Mb;LTV2_1.9_Mb_output;SRT;6122;0;0;0;0;0;16;football2020;5;0;;;
;output;LTV2_1.9_Mb;LTV2_1.9_Mb_output;SRT;6123;0;0;0;0;0;16;football2020;5;0;;;
;output;LTV2_1.9_Mb;LTV2_1.9_Mb_output;SRT;6124;0;0;0;0;0;16;football2020;5;0;;;
;output;LTV2_2.6_Mb;LTV2_2.6_Mb_output;SRT;6125;0;0;0;0;0;16;football2020;5;0;;;
;output;LTV2_2.6_Mb;LTV2_2.6_Mb_output;SRT;6126;0;0;0;0;0;16;football2020;5;0;;;
;output;LTV2_2.6_Mb;LTV2_2.6_Mb_output;SRT;6127;0;0;0;0;0;16;football2020;5;0;;;
;output;LTV2_2.6_Mb;LTV2_2.6_Mb_output;SRT;6128;0;0;0;0;0;16;football2020;5;0;;;
;output;LTV2_2.6_Mb;LTV2_2.6_Mb_output;SRT;6129;0;0;0;0;0;16;football2020;5;0;;;
;output;LTV3_1.9_Mb;LTV3_1.9_Mb_output;SRT;6130;0;0;0;0;0;16;football2020;5;0;;;
;output;LTV3_1.9_Mb;LTV3_1.9_Mb_output;SRT;6131;0;0;0;0;0;16;football2020;5;0;;;
;output;LTV3_1.9_Mb;LTV3_1.9_Mb_output;SRT;6132;0;0;0;0;0;16;football2020;5;0;;;
;output;LTV3_1.9_Mb;LTV3_1.9_Mb_output;SRT;6133;0;0;0;0;0;16;football2020;5;0;;;
;output;LTV3_1.9_Mb;LTV3_1.9_Mb_output;SRT;6134;0;0;0;0;0;16;football2020;5;0;;;
;output;LTV3_2.6_Mb;LTV3_2.6_Mb_output;SRT;6135;0;0;0;0;0;16;football2020;5;0;;;
;output;LTV3_2.6_Mb;LTV3_2.6_Mb_output;SRT;6136;0;0;0;0;0;16;football2020;5;0;;;
;output;LTV3_2.6_Mb;LTV3_2.6_Mb_output;SRT;6137;0;0;0;0;0;16;football2020;5;0;;;
;output;LTV3_2.6_Mb;LTV3_2.6_Mb_output;SRT;6138;0;0;0;0;0;16;football2020;5;0;;;
;output;LTV3_2.6_Mb;LTV3_2.6_Mb_output;SRT;6139;0;0;0;0;0;16;football2020;5;0;;;
;output;Coral1_1.9_Mb;Coral1_1.9_Mb_output;SRT;6140;0;0;0;0;0;16;football2020;5;0;;;
;output;Coral1_1.9_Mb;Coral1_1.9_Mb_output;SRT;6141;0;0;0;0;0;16;football2020;5;0;;;
;output;Coral1_1.9_Mb;Coral1_1.9_Mb_output;SRT;6142;0;0;0;0;0;16;football2020;5;0;;;
;output;Coral1_1.9_Mb;Coral1_1.9_Mb_output;SRT;6143;0;0;0;0;0;16;football2020;5;0;;;
;output;Coral1_1.9_Mb;Coral1_1.9_Mb_output;SRT;6144;0;0;0;0;0;16;football2020;5;0;;;
;output;Coral1_2.6_Mb;Coral1_2.6_Mb_output;SRT;6145;0;0;0;0;0;16;football2020;5;0;;;
;output;Coral1_2.6_Mb;Coral1_2.6_Mb_output;SRT;6146;0;0;0;0;0;16;football2020;5;0;;;
;output;Coral1_2.6_Mb;Coral1_2.6_Mb_output;SRT;6147;0;0;0;0;0;16;football2020;5;0;;;
;output;Coral1_2.6_Mb;Coral1_2.6_Mb_output;SRT;6148;0;0;0;0;0;16;football2020;5;0;;;
;output;Coral1_2.6_Mb;Coral1_2.6_Mb_output;SRT;6149;0;0;0;0;0;16;football2020;5;0;;;
;output;Coral2_1.9_Mb;Coral2_1.9_Mb_output;SRT;6150;0;0;0;0;0;16;football2020;5;0;;;
;output;Coral2_1.9_Mb;Coral2_1.9_Mb_output;SRT;6151;0;0;0;0;0;16;football2020;5;0;;;
;output;Coral2_1.9_Mb;Coral2_1.9_Mb_output;SRT;6152;0;0;0;0;0;16;football2020;5;0;;;
;output;Coral2_1.9_Mb;Coral2_1.9_Mb_output;SRT;6153;0;0;0;0;0;16;football2020;5;0;;;
;output;Coral2_1.9_Mb;Coral2_1.9_Mb_output;SRT;6154;0;0;0;0;0;16;football2020;5;0;;;
;output;Coral2_2.6_Mb;Coral2_2.6_Mb_output;SRT;6155;0;0;0;0;0;16;football2020;5;0;;;
;output;Coral2_2.6_Mb;Coral2_2.6_Mb_output;SRT;6156;0;0;0;0;0;16;football2020;5;0;;;
;output;Coral2_2.6_Mb;Coral2_2.6_Mb_output;SRT;6157;0;0;0;0;0;16;football2020;5;0;;;
;output;Coral2_2.6_Mb;Coral2_2.6_Mb_output;SRT;6158;0;0;0;0;0;16;football2020;5;0;;;
;output;Coral2_2.6_Mb;Coral2_2.6_Mb_output;SRT;6159;0;0;0;0;0;16;football2020;5;0;;;
;output;SAC9_1.9_Mb;SAC9_1.9_Mb_output;SRT;6160;0;0;0;0;0;16;football2020;5;0;;;
;output;SAC9_1.9_Mb;SAC9_1.9_Mb_output;SRT;6161;0;0;0;0;0;16;football2020;5;0;;;
;output;SAC9_1.9_Mb;SAC9_1.9_Mb_output;SRT;6162;0;0;0;0;0;16;football2020;5;0;;;
;output;SAC9_1.9_Mb;SAC9_1.9_Mb_output;SRT;6163;0;0;0;0;0;16;football2020;5;0;;;
;output;SAC9_1.9_Mb;SAC9_1.9_Mb_output;SRT;6164;0;0;0;0;0;16;football2020;5;0;;;
;output;SAC9_2.6_Mb;SAC9_2.6_Mb_output;SRT;6165;0;0;0;0;0;16;football2020;5;0;;;
;output;SAC9_2.6_Mb;SAC9_2.6_Mb_output;SRT;6166;0;0;0;0;0;16;football2020;5;0;;;
;output;SAC9_2.6_Mb;SAC9_2.6_Mb_output;SRT;6167;0;0;0;0;0;16;football2020;5;0;;;
;output;SAC9_2.6_Mb;SAC9_2.6_Mb_output;SRT;6168;0;0;0;0;0;16;football2020;5;0;;;
;output;SAC9_2.6_Mb;SAC9_2.6_Mb_output;SRT;6169;0;0;0;0;0;16;football2020;5;0;;;
;output;SAC106a_1.9_Mb;SAC106a_1.9_Mb_output;SRT;6170;0;0;0;0;0;16;football2020;5;0;;;
;output;SAC106a_1.9_Mb;SAC106a_1.9_Mb_output;SRT;6171;0;0;0;0;0;16;football2020;5;0;;;
;output;SAC106a_1.9_Mb;SAC106a_1.9_Mb_output;SRT;6172;0;0;0;0;0;16;football2020;5;0;;;
;output;SAC106a_1.9_Mb;SAC106a_1.9_Mb_output;SRT;6173;0;0;0;0;0;16;football2020;5;0;;;
;output;SAC106a_1.9_Mb;SAC106a_1.9_Mb_output;SRT;6174;0;0;0;0;0;16;football2020;5;0;;;
;output;SAC106a_2.6_Mb;SAC106a_2.6_Mb_output;SRT;6175;0;0;0;0;0;16;football2020;5;0;;;
;output;SAC106a_2.6_Mb;SAC106a_2.6_Mb_output;SRT;6176;0;0;0;0;0;16;football2020;5;0;;;
;output;SAC106a_2.6_Mb;SAC106a_2.6_Mb_output;SRT;6177;0;0;0;0;0;16;football2020;5;0;;;
;output;SAC106a_2.6_Mb;SAC106a_2.6_Mb_output;SRT;6178;0;0;0;0;0;16;football2020;5;0;;;
;output;SAC106a_2.6_Mb;SAC106a_2.6_Mb_output;SRT;6179;0;0;0;0;0;16;football2020;5;0;;;
;output;SAC106_1.9_Mb;SAC106_1.9_Mb_output;SRT;6180;0;0;0;0;0;16;football2020;5;0;;;
;output;SAC106_1.9_Mb;SAC106_1.9_Mb_output;SRT;6181;0;0;0;0;0;16;football2020;5;0;;;
;output;SAC106_1.9_Mb;SAC106_1.9_Mb_output;SRT;6182;0;0;0;0;0;16;football2020;5;0;;;
;output;SAC106_1.9_Mb;SAC106_1.9_Mb_output;SRT;6183;0;0;0;0;0;16;football2020;5;0;;;
;output;SAC106_1.9_Mb;SAC106_1.9_Mb_output;SRT;6184;0;0;0;0;0;16;football2020;5;0;;;
;output;SAC106_2.6_Mb;SAC106_2.6_Mb_output;SRT;6185;0;0;0;0;0;16;football2020;5;0;;;
;output;SAC106_2.6_Mb;SAC106_2.6_Mb_output;SRT;6186;0;0;0;0;0;16;football2020;5;0;;;
;output;SAC106_2.6_Mb;SAC106_2.6_Mb_output;SRT;6187;0;0;0;0;0;16;football2020;5;0;;;
;output;SAC106_2.6_Mb;SAC106_2.6_Mb_output;SRT;6188;0;0;0;0;0;16;football2020;5;0;;;
;output;SAC106_2.6_Mb;SAC106_2.6_Mb_output;SRT;6189;0;0;0;0;0;16;football2020;5;0;;;
;output;SAC111A_1.9_Mb;SAC111A_1.9_Mb_output;SRT;6190;0;0;0;0;0;16;football2020;5;0;;;
;output;SAC111A_1.9_Mb;SAC111A_1.9_Mb_output;SRT;6191;0;0;0;0;0;16;football2020;5;0;;;
;output;SAC111A_1.9_Mb;SAC111A_1.9_Mb_output;SRT;6192;0;0;0;0;0;16;football2020;5;0;;;
;output;SAC111A_1.9_Mb;SAC111A_1.9_Mb_output;SRT;6193;0;0;0;0;0;16;football2020;5;0;;;
;output;SAC111A_1.9_Mb;SAC111A_1.9_Mb_output;SRT;6194;0;0;0;0;0;16;football2020;5;0;;;
;output;SAC111A_2.6_Mb;SAC111A_2.6_Mb_output;SRT;6195;0;0;0;0;0;16;football2020;5;0;;;
;output;SAC111A_2.6_Mb;SAC111A_2.6_Mb_output;SRT;6196;0;0;0;0;0;16;football2020;5;0;;;
;output;SAC111A_2.6_Mb;SAC111A_2.6_Mb_output;SRT;6197;0;0;0;0;0;16;football2020;5;0;;;
;output;SAC111A_2.6_Mb;SAC111A_2.6_Mb_output;SRT;6198;0;0;0;0;0;16;football2020;5;0;;;
;output;SAC111A_2.6_Mb;SAC111A_2.6_Mb_output;SRT;6199;0;0;0;0;0;16;football2020;5;0;;;
;output;SAC109V_1.9_Mb;SAC109V_1.9_Mb_output;SRT;6200;0;0;0;0;0;16;football2020;5;0;;;
;output;SAC109V_1.9_Mb;SAC109V_1.9_Mb_output;SRT;6201;0;0;0;0;0;16;football2020;5;0;;;
;output;SAC109V_1.9_Mb;SAC109V_1.9_Mb_output;SRT;6202;0;0;0;0;0;16;football2020;5;0;;;
;output;SAC109V_1.9_Mb;SAC109V_1.9_Mb_output;SRT;6203;0;0;0;0;0;16;football2020;5;0;;;
;output;SAC109V_1.9_Mb;SAC109V_1.9_Mb_output;SRT;6204;0;0;0;0;0;16;football2020;5;0;;;
;output;SAC109V_2.6_Mb;SAC109V_2.6_Mb_output;SRT;6205;0;0;0;0;0;16;football2020;5;0;;;
;output;SAC109V_2.6_Mb;SAC109V_2.6_Mb_output;SRT;6206;0;0;0;0;0;16;football2020;5;0;;;
;output;SAC109V_2.6_Mb;SAC109V_2.6_Mb_output;SRT;6207;0;0;0;0;0;16;football2020;5;0;;;
;output;SAC109V_2.6_Mb;SAC109V_2.6_Mb_output;SRT;6208;0;0;0;0;0;16;football2020;5;0;;;
;output;SAC109V_2.6_Mb;SAC109V_2.6_Mb_output;SRT;6209;0;0;0;0;0;16;football2020;5;0;;;
;output;MTXC1 Clean_1.9_Mb;MTXC1 Clean_1.9_Mb_output;SRT;6210;0;0;0;0;0;16;football2020;5;0;;;
;output;MTXC1 Clean_1.9_Mb;MTXC1 Clean_1.9_Mb_output;SRT;6211;0;0;0;0;0;16;football2020;5;0;;;
;output;MTXC1 Clean_1.9_Mb;MTXC1 Clean_1.9_Mb_output;SRT;6212;0;0;0;0;0;16;football2020;5;0;;;
;output;MTXC1 Clean_1.9_Mb;MTXC1 Clean_1.9_Mb_output;SRT;6213;0;0;0;0;0;16;football2020;5;0;;;
;output;MTXC1 Clean_1.9_Mb;MTXC1 Clean_1.9_Mb_output;SRT;6214;0;0;0;0;0;16;football2020;5;0;;;
;output;MTXC1 Clean_2.6_Mb;MTXC1 Clean_2.6_Mb_output;SRT;6215;0;0;0;0;0;16;football2020;5;0;;;
;output;MTXC1 Clean_2.6_Mb;MTXC1 Clean_2.6_Mb_output;SRT;6216;0;0;0;0;0;16;football2020;5;0;;;
;output;MTXC1 Clean_2.6_Mb;MTXC1 Clean_2.6_Mb_output;SRT;6217;0;0;0;0;0;16;football2020;5;0;;;
;output;MTXC1 Clean_2.6_Mb;MTXC1 Clean_2.6_Mb_output;SRT;6218;0;0;0;0;0;16;football2020;5;0;;;
;output;MTXC1 Clean_2.6_Mb;MTXC1 Clean_2.6_Mb_output;SRT;6219;0;0;0;0;0;16;football2020;5;0;;;
;output;MTXC1 Dirty_1.9_Mb;MTXC1 Dirty_1.9_Mb_output;SRT;6220;0;0;0;0;0;16;football2020;5;0;;;
;output;MTXC1 Dirty_1.9_Mb;MTXC1 Dirty_1.9_Mb_output;SRT;6221;0;0;0;0;0;16;football2020;5;0;;;
;output;MTXC1 Dirty_1.9_Mb;MTXC1 Dirty_1.9_Mb_output;SRT;6222;0;0;0;0;0;16;football2020;5;0;;;
;output;MTXC1 Dirty_1.9_Mb;MTXC1 Dirty_1.9_Mb_output;SRT;6223;0;0;0;0;0;16;football2020;5;0;;;
;output;MTXC1 Dirty_1.9_Mb;MTXC1 Dirty_1.9_Mb_output;SRT;6224;0;0;0;0;0;16;football2020;5;0;;;
;output;MTXC1 Dirty_2.6_Mb;MTXC1 Dirty_2.6_Mb_output;SRT;6225;0;0;0;0;0;16;football2020;5;0;;;
;output;MTXC1 Dirty_2.6_Mb;MTXC1 Dirty_2.6_Mb_output;SRT;6226;0;0;0;0;0;16;football2020;5;0;;;
;output;MTXC1 Dirty_2.6_Mb;MTXC1 Dirty_2.6_Mb_output;SRT;6227;0;0;0;0;0;16;football2020;5;0;;;
;output;MTXC1 Dirty_2.6_Mb;MTXC1 Dirty_2.6_Mb_output;SRT;6228;0;0;0;0;0;16;football2020;5;0;;;
;output;MTXC1 Dirty_2.6_Mb;MTXC1 Dirty_2.6_Mb_output;SRT;6229;0;0;0;0;0;16;football2020;5;0;;;
;output;MTXC2 Dirty_1.9_Mb;MTXC2 Dirty_1.9_Mb_output;SRT;6230;0;0;0;0;0;16;football2020;5;0;;;
;output;MTXC2 Dirty_1.9_Mb;MTXC2 Dirty_1.9_Mb_output;SRT;6231;0;0;0;0;0;16;football2020;5;0;;;
;output;MTXC2 Dirty_1.9_Mb;MTXC2 Dirty_1.9_Mb_output;SRT;6232;0;0;0;0;0;16;football2020;5;0;;;
;output;MTXC2 Dirty_1.9_Mb;MTXC2 Dirty_1.9_Mb_output;SRT;6233;0;0;0;0;0;16;football2020;5;0;;;
;output;MTXC2 Dirty_1.9_Mb;MTXC2 Dirty_1.9_Mb_output;SRT;6234;0;0;0;0;0;16;football2020;5;0;;;
;output;MTXC2 Dirty_2.6_Mb;MTXC2 Dirty_2.6_Mb_output;SRT;6235;0;0;0;0;0;16;football2020;5;0;;;
;output;MTXC2 Dirty_2.6_Mb;MTXC2 Dirty_2.6_Mb_output;SRT;6236;0;0;0;0;0;16;football2020;5;0;;;
;output;MTXC2 Dirty_2.6_Mb;MTXC2 Dirty_2.6_Mb_output;SRT;6237;0;0;0;0;0;16;football2020;5;0;;;
;output;MTXC2 Dirty_2.6_Mb;MTXC2 Dirty_2.6_Mb_output;SRT;6238;0;0;0;0;0;16;football2020;5;0;;;
;output;MTXC2 Dirty_2.6_Mb;MTXC2 Dirty_2.6_Mb_output;SRT;6239;0;0;0;0;0;16;football2020;5;0;;;
;output;MTXC4 Dirty_1.9_Mb;MTXC4 Dirty_1.9_Mb_output;SRT;6240;0;0;0;0;0;16;football2020;5;0;;;
;output;MTXC4 Dirty_1.9_Mb;MTXC4 Dirty_1.9_Mb_output;SRT;6241;0;0;0;0;0;16;football2020;5;0;;;
;output;MTXC4 Dirty_1.9_Mb;MTXC4 Dirty_1.9_Mb_output;SRT;6242;0;0;0;0;0;16;football2020;5;0;;;
;output;MTXC4 Dirty_1.9_Mb;MTXC4 Dirty_1.9_Mb_output;SRT;6243;0;0;0;0;0;16;football2020;5;0;;;
;output;MTXC4 Dirty_1.9_Mb;MTXC4 Dirty_1.9_Mb_output;SRT;6244;0;0;0;0;0;16;football2020;5;0;;;
;output;MTXC4 Dirty_2.6_Mb;MTXC4 Dirty_2.6_Mb_output;SRT;6245;0;0;0;0;0;16;football2020;5;0;;;
;output;MTXC4 Dirty_2.6_Mb;MTXC4 Dirty_2.6_Mb_output;SRT;6246;0;0;0;0;0;16;football2020;5;0;;;
;output;MTXC4 Dirty_2.6_Mb;MTXC4 Dirty_2.6_Mb_output;SRT;6247;0;0;0;0;0;16;football2020;5;0;;;
;output;MTXC4 Dirty_2.6_Mb;MTXC4 Dirty_2.6_Mb_output;SRT;6248;0;0;0;0;0;16;football2020;5;0;;;
;output;MTXC4 Dirty_2.6_Mb;MTXC4 Dirty_2.6_Mb_output;SRT;6249;0;0;0;0;0;16;football2020;5;0;;;
;output;REM Multiviewer_1.9_Mb;REM Multiviewer_1.9_Mb_output;SRT;6250;0;0;0;0;0;16;football2020;5;0;;;
;output;REM Multiviewer_1.9_Mb;REM Multiviewer_1.9_Mb_output;SRT;6251;0;0;0;0;0;16;football2020;5;0;;;
;output;REM Multiviewer_1.9_Mb;REM Multiviewer_1.9_Mb_output;SRT;6252;0;0;0;0;0;16;football2020;5;0;;;
;output;REM Multiviewer_1.9_Mb;REM Multiviewer_1.9_Mb_output;SRT;6253;0;0;0;0;0;16;football2020;5;0;;;
;output;REM Multiviewer_1.9_Mb;REM Multiviewer_1.9_Mb_output;SRT;6254;0;0;0;0;0;16;football2020;5;0;;;
;output;REM Multiviewer_2.6_Mb;REM Multiviewer_2.6_Mb_output;SRT;6255;0;0;0;0;0;16;football2020;5;0;;;
;output;REM Multiviewer_2.6_Mb;REM Multiviewer_2.6_Mb_output;SRT;6256;0;0;0;0;0;16;football2020;5;0;;;
;output;REM Multiviewer_2.6_Mb;REM Multiviewer_2.6_Mb_output;SRT;6257;0;0;0;0;0;16;football2020;5;0;;;
;output;REM Multiviewer_2.6_Mb;REM Multiviewer_2.6_Mb_output;SRT;6258;0;0;0;0;0;16;football2020;5;0;;;
;output;REM Multiviewer_2.6_Mb;REM Multiviewer_2.6_Mb_output;SRT;6259;0;0;0;0;0;16;football2020;5;0;;;
;output;MTX Multiviewer_1.9_Mb;MTX Multiviewer_1.9_Mb_output;SRT;6260;0;0;0;0;0;16;football2020;5;0;;;
;output;MTX Multiviewer_1.9_Mb;MTX Multiviewer_1.9_Mb_output;SRT;6261;0;0;0;0;0;16;football2020;5;0;;;
;output;MTX Multiviewer_1.9_Mb;MTX Multiviewer_1.9_Mb_output;SRT;6262;0;0;0;0;0;16;football2020;5;0;;;
;output;MTX Multiviewer_1.9_Mb;MTX Multiviewer_1.9_Mb_output;SRT;6263;0;0;0;0;0;16;football2020;5;0;;;
;output;MTX Multiviewer_1.9_Mb;MTX Multiviewer_1.9_Mb_output;SRT;6264;0;0;0;0;0;16;football2020;5;0;;;
;output;MTX Multiviewer_2.6_Mb;MTX Multiviewer_2.6_Mb_output;SRT;6265;0;0;0;0;0;16;football2020;5;0;;;
;output;MTX Multiviewer_2.6_Mb;MTX Multiviewer_2.6_Mb_output;SRT;6266;0;0;0;0;0;16;football2020;5;0;;;
;output;MTX Multiviewer_2.6_Mb;MTX Multiviewer_2.6_Mb_output;SRT;6267;0;0;0;0;0;16;football2020;5;0;;;
;output;MTX Multiviewer_2.6_Mb;MTX Multiviewer_2.6_Mb_output;SRT;6268;0;0;0;0;0;16;football2020;5;0;;;
;output;MTX Multiviewer_2.6_Mb;MTX Multiviewer_2.6_Mb_output;SRT;6269;0;0;0;0;0;16;football2020;5;0;;;
;output;Reg2 Dirty_2.1_Mb;Reg2 Dirty_2.1_Mb_output;SRT;6270;0;0;0;0;0;16;football2020;5;0;;;
;output;Reg2 Dirty_2.1_Mb;Reg2 Dirty_2.1_Mb_output;SRT;6271;0;0;0;0;0;16;football2020;5;0;;;
;output;Reg2 Dirty_2.1_Mb;Reg2 Dirty_2.1_Mb_output;SRT;6272;0;0;0;0;0;16;football2020;5;0;;;
;output;Reg2 Dirty_2.1_Mb;Reg2 Dirty_2.1_Mb_output;SRT;6273;0;0;0;0;0;16;football2020;5;0;;;
;output;Reg2 Dirty_2.1_Mb;Reg2 Dirty_2.1_Mb_output;SRT;6274;0;0;0;0;0;16;football2020;5;0;;;
;output;Reg2 Dirty_4.1_Mb;Reg2 Dirty_4.1_Mb_output;SRT;6275;0;0;0;0;0;16;football2020;5;0;;;
;output;Reg2 Dirty_4.1_Mb;Reg2 Dirty_4.1_Mb_output;SRT;6276;0;0;0;0;0;16;football2020;5;0;;;
;output;Reg2 Dirty_4.1_Mb;Reg2 Dirty_4.1_Mb_output;SRT;6277;0;0;0;0;0;16;football2020;5;0;;;
;output;Reg2 Dirty_4.1_Mb;Reg2 Dirty_4.1_Mb_output;SRT;6278;0;0;0;0;0;16;football2020;5;0;;;
;output;Reg2 Dirty_4.1_Mb;Reg2 Dirty_4.1_Mb_output;SRT;6279;0;0;0;0;0;16;football2020;5;0;;;
;output;MTXC11_1.9_Mb;MTXC11_1.9_Mb_output;SRT;6280;0;0;0;0;0;16;football2020;5;0;;;
;output;MTXC11_1.9_Mb;MTXC11_1.9_Mb_output;SRT;6281;0;0;0;0;0;16;football2020;5;0;;;
;output;MTXC11_1.9_Mb;MTXC11_1.9_Mb_output;SRT;6282;0;0;0;0;0;16;football2020;5;0;;;
;output;MTXC11_1.9_Mb;MTXC11_1.9_Mb_output;SRT;6283;0;0;0;0;0;16;football2020;5;0;;;
;output;MTXC11_1.9_Mb;MTXC11_1.9_Mb_output;SRT;6284;0;0;0;0;0;16;football2020;5;0;;;
;output;MTXC11_2.6_Mb;MTXC11_2.6_Mb_output;SRT;6285;0;0;0;0;0;16;football2020;5;0;;;
;output;MTXC11_2.6_Mb;MTXC11_2.6_Mb_output;SRT;6286;0;0;0;0;0;16;football2020;5;0;;;
;output;MTXC11_2.6_Mb;MTXC11_2.6_Mb_output;SRT;6287;0;0;0;0;0;16;football2020;5;0;;;
;output;MTXC11_2.6_Mb;MTXC11_2.6_Mb_output;SRT;6288;0;0;0;0;0;16;football2020;5;0;;;
;output;MTXC11_2.6_Mb;MTXC11_2.6_Mb_output;SRT;6289;0;0;0;0;0;16;football2020;5;0;;;
;output;MV1-8_2.1_Mb;MV1-8_2.1_Mb_output;SRT;6290;0;0;0;0;0;16;football2020;5;0;;;
;output;MV1-8_2.1_Mb;MV1-8_2.1_Mb_output;SRT;6291;0;0;0;0;0;16;football2020;5;0;;;
;output;MV1-8_2.1_Mb;MV1-8_2.1_Mb_output;SRT;6292;0;0;0;0;0;16;football2020;5;0;;;
;output;MV1-8_2.1_Mb;MV1-8_2.1_Mb_output;SRT;6293;0;0;0;0;0;16;football2020;5;0;;;
;output;MV1-8_2.1_Mb;MV1-8_2.1_Mb_output;SRT;6294;0;0;0;0;0;16;football2020;5;0;;;
;output;MV10-17_2.1_Mb;MV10-17_2.1_Mb_output;SRT;6295;0;0;0;0;0;16;football2020;5;0;;;
;output;MV10-17_2.1_Mb;MV10-17_2.1_Mb_output;SRT;6296;0;0;0;0;0;16;football2020;5;0;;;
;output;MV10-17_2.1_Mb;MV10-17_2.1_Mb_output;SRT;6297;0;0;0;0;0;16;football2020;5;0;;;
;output;MV10-17_2.1_Mb;MV10-17_2.1_Mb_output;SRT;6298;0;0;0;0;0;16;football2020;5;0;;;
;output;MV10-17_2.1_Mb;MV10-17_2.1_Mb_output;SRT;6299;0;0;0;0;0;16;football2020;5;0;;;
;output;MV18-25_2.1_Mb;MV18-25_2.1_Mb_output;SRT;6300;0;0;0;0;0;16;football2020;5;0;;;
;output;MV18-25_2.1_Mb;MV18-25_2.1_Mb_output;SRT;6301;0;0;0;0;0;16;football2020;5;0;;;
;output;MV18-25_2.1_Mb;MV18-25_2.1_Mb_output;SRT;6302;0;0;0;0;0;16;football2020;5;0;;;
;output;MV18-25_2.1_Mb;MV18-25_2.1_Mb_output;SRT;6303;0;0;0;0;0;16;football2020;5;0;;;
;output;MV18-25_2.1_Mb;MV18-25_2.1_Mb_output;SRT;6304;0;0;0;0;0;16;football2020;5;0;;;
;output;SIS GHTV2 LOWBUF_1.9_Mb;SIS GHTV2 LOWBUF_1.9_Mb_output;SRT;6305;0;0;0;0;0;16;football2020;5;0;;;
;output;SIS GHTV2 LOWBUF_1.9_Mb;SIS GHTV2 LOWBUF_1.9_Mb_output;SRT;6306;0;0;0;0;0;16;football2020;5;0;;;
;output;SIS GHTV2 LOWBUF_1.9_Mb;SIS GHTV2 LOWBUF_1.9_Mb_output;SRT;6307;0;0;0;0;0;16;football2020;5;0;;;
;output;SIS GHTV2 LOWBUF_1.9_Mb;SIS GHTV2 LOWBUF_1.9_Mb_output;SRT;6308;0;0;0;0;0;16;football2020;5;0;;;
;output;SIS GHTV2 LOWBUF_1.9_Mb;SIS GHTV2 LOWBUF_1.9_Mb_output;SRT;6309;0;0;0;0;0;16;football2020;5;0;;;
;output;SIS GHTV2 LOWBUF_2.6_Mb;SIS GHTV2 LOWBUF_2.6_Mb_output;SRT;6310;0;0;0;0;0;16;football2020;5;0;;;
;output;SIS GHTV2 LOWBUF_2.6_Mb;SIS GHTV2 LOWBUF_2.6_Mb_output;SRT;6311;0;0;0;0;0;16;football2020;5;0;;;
;output;SIS GHTV2 LOWBUF_2.6_Mb;SIS GHTV2 LOWBUF_2.6_Mb_output;SRT;6312;0;0;0;0;0;16;football2020;5;0;;;
;output;SIS GHTV2 LOWBUF_2.6_Mb;SIS GHTV2 LOWBUF_2.6_Mb_output;SRT;6313;0;0;0;0;0;16;football2020;5;0;;;
;output;SIS GHTV2 LOWBUF_2.6_Mb;SIS GHTV2 LOWBUF_2.6_Mb_output;SRT;6314;0;0;0;0;0;16;football2020;5;0;;;
;output;R2_H265_1.9_Mb;R2_H265_1.9_Mb_output;SRT;6315;0;0;0;0;0;16;football2020;5;0;;;
;output;R2_H265_1.9_Mb;R2_H265_1.9_Mb_output;SRT;6316;0;0;0;0;0;16;football2020;5;0;;;
;output;R2_H265_1.9_Mb;R2_H265_1.9_Mb_output;SRT;6317;0;0;0;0;0;16;football2020;5;0;;;
;output;R2_H265_1.9_Mb;R2_H265_1.9_Mb_output;SRT;6318;0;0;0;0;0;16;football2020;5;0;;;
;output;R2_H265_1.9_Mb;R2_H265_1.9_Mb_output;SRT;6319;0;0;0;0;0;16;football2020;5;0;;;
;output;R2_H265_2.6_Mb;R2_H265_2.6_Mb_output;SRT;6320;0;0;0;0;0;16;football2020;5;0;;;
;output;R2_H265_2.6_Mb;R2_H265_2.6_Mb_output;SRT;6321;0;0;0;0;0;16;football2020;5;0;;;
;output;R2_H265_2.6_Mb;R2_H265_2.6_Mb_output;SRT;6322;0;0;0;0;0;16;football2020;5;0;;;
;output;R2_H265_2.6_Mb;R2_H265_2.6_Mb_output;SRT;6323;0;0;0;0;0;16;football2020;5;0;;;
;output;R2_H265_2.6_Mb;R2_H265_2.6_Mb_output;SRT;6324;0;0;0;0;0;16;football2020;5;0;;;
